frequency,spl_le,spl_te
20.0,45.38826051446455,31.125048526248708
20.13877262952056,45.36359582720109,31.145132583819127
20.27850815117631,45.33876000076223,31.165355997263568
20.419213246120933,45.31375184767632,31.185719733521086
20.560894641866188,45.28857017223224,31.206224766239977
20.70355911260353,45.26321377042231,31.226872075824303
20.84721347952804,45.23768142988467,31.24766264948081
20.991864611164555,45.211971929845305,31.268597481266088
21.137519423696084,45.18608404105974,31.289677572134146
21.28418488129449,45.1600165257542,31.31090392998421
21.431867996453427,45.13376813756646,31.33227756970897
21.580575830323685,45.107337621486245,31.353799513243096
21.73031549305077,45.08072371379523,31.375470789612045
21.88109414411485,45.05392514200661,31.39729243498133
22.03291899267313,45.02694062480426,31.41926549270604
22.185797297904458,44.99976887198149,31.441391013380706
22.339736369356466,44.97240858437932,31.463670054889537
22.494743567295043,44.9448584538244,31.486103682457045
22.650826303056235,44.91711716306645,31.508692968698917
22.80799203940065,44.889183385715256,31.53143899367332
22.966248290870222,44.86105578617729,31.554342844932567
23.12560262414752,44.83273301959183,31.577405617575085
23.28606265841754,44.80421373176664,31.600628414297784
23.44763606573197,44.77549655911328,31.624012345448783
23.610330571376103,44.74658012858185,31.647558529080506
23.77415395423807,44.71746305759535,31.67126809100311
23.939114047180876,44.68814395398361,31.695142164838355
24.105218737416852,44.65862141591671,31.71918189207377
24.27247596688481,44.62889403183793,31.743388422117263
24.440893732629764,44.59896038039628,31.76776291235204
24.610480087185238,44.568819030378535,31.79230652819197
24.781243138958327,44.53846854064083,31.817020443137302
24.9531910526174,44.50790746003972,31.841905838830773
25.12633204948242,44.47938521971417,31.86696390511409
25.300674407918063,44.45219628061176,31.89219584008485
25.47622646372957,44.424818687480695,31.91760285015381
25.65299661056121,44.3972511313202,31.94318615010253
25.830993300297685,44.3694922940468,31.968946963141548
26.01022504346819,44.34154084843136,31.994886520968763
26.190700409653346,44.31339545803558,32.02100606382839
26.372428027894973,44.28505477714809,32.04730684057024
26.5554165871086,44.25651745072014,32.07379010870944
26.73967483649893,44.2277821143008,32.10045713448653
26.92521158597821,44.1988473939717,32.12730919292806
27.112035706587367,44.16971190628138,32.154347567907486
27.30015613092028,44.1403742581791,32.1815735522066
27.48958185355075,44.110833046948265,32.20898844757734
27.68032193146264,44.081086860139344,32.23659356480401
27.87238548448286,44.05113427550234,32.26439022376597
28.06578169571745,44.02097386091879,32.29237975350073
28.26051981199068,43.99060417433327,32.32056349226751
28.456609144287057,43.9600237636845,32.348942787611215
28.654059068196624,43.92923116683584,32.37751899642685
28.852879024363165,43.898224911505466,32.40629348502444
29.053078518935628,43.867003515195904,32.43526762919432
29.254667124022603,43.83556548512318,32.46444281427293
29.45765447815005,43.80390931814546,32.493820435209045
29.66205028672209,43.77203350069112,32.52340189663048
29.86786432248505,43.73993650868648,32.553188612911235
30.07510642599477,43.70761680748282,32.57944456012167
30.283786506087043,43.67507285178311,32.60514576819955
30.49391454035148,43.64230308556801,32.63102530748876
30.705500575608458,43.60930594202159,32.65708441536388
30.91855472838956,43.57607984345635,32.68332433778513
31.13308718542125,43.542623201237774,32.709746329358026
31.349108204111904,43.50893441570842,32.73635165339331
31.566628113042352,43.4750118761114,32.76314158196737
31.785657312459563,43.44085396051339,32.790117395983074
32.00620627477402,43.406459035727046,32.817280385231
32.2282855450604,43.37182545723297,32.84463184845111
32.451905741561745,43.33695156910103,32.87217309339483
32.677077556197226,43.3018357039112,32.89990543688761
32.90381175507326,43.26647618267386,32.92783020489185
33.132119178998295,43.230871314749486,32.95594873257032
33.36201074400119,43.19501939776783,32.98426236435
33.59349744185307,43.15891871754653,33.01277245398635
33.826590340592965,43.12256754800914,33.04148036462804
34.06130058505689,43.0895133743364,33.07038746888211
34.297639397410805,43.06326046264883,33.09949514887965
34.535618077687126,43.03682539168187,33.128804796341804
34.775248004325015,43.01020689749945,33.158317812646395
35.01654063471449,42.98340370739544,33.188035608894864
35.25950750574412,42.95641453983292,33.21795960597979
35.50416023435271,42.92923810438283,33.248091234652776
35.75051051808472,42.90187310166233,33.27843193559289
35.99857013564954,42.87431822327261,33.30898315947556
36.24835094748474,42.846572151736375,33.33974636704189
36.499864896323054,42.81863356043484,33.37072302916854
36.75312400776343,42.79050111354431,33.401914626938044
37.008140390846044,42.76217346597228,33.433322651709624
37.264926238631205,42.73364926329317,33.464948605190486
37.523493828782414,42.70492714168353,33.496793999507624
37.78385552415333,42.67600572785682,33.52886035728014
38.0460237733789,42.64688363899781,33.56114921169201
38.310011111470565,42.61755948269638,33.59366210656544
38.57583016041556,42.588031856881045,33.62640059643461
38.84349362978051,42.558299349751806,33.65936624662006
39.113014317318985,42.52836053971274,33.69256063330352
39.384405109583454,42.49821399530399,33.72598534360325
39.65767898254144,42.467858275133295,33.75964197564994
39.93284900219587,42.43729192780716,33.793532138663124
40.209928325209965,42.40651349186136,33.82339986627697
40.488930199536085,42.37552149569112,33.85346629270772
40.76986796504927,42.34431445748075,33.88374133899128
41.05275505418505,42.31289088513277,33.91422645266392
41.337604992581646,42.28124927619663,33.944923091305824
41.62443139972677,42.24938811779676,33.97583272261083
41.91324798960866,42.21730588656035,34.00695682445652
42.20406857137191,42.185001048544464,34.03829688497494
42.49690704997767,42.15247205916269,34.06985440262373
42.79177742686844,42.11971736311131,34.10163088625779
43.08869380063767,42.08673539429493,34.13362785520138
43.38767036770369,42.05352457575157,34.16584683932083
43.68872142298855,42.02008331957733,34.19828937909761
43.991861360601504,41.98641002685039,34.230957025702054
44.29710467452719,41.95250308755463,34.263851341067465
44.60446595931875,41.91836088050263,34.29697389796486
44.91395991079549,41.883981773258114,34.33032628007811
45.225601326745576,41.84936412205795,34.36391008207969
45.539405107633605,41.81450627173354,34.397726909706925
45.85538625731298,41.77940655563169,34.43177837983875
46.17355988374338,41.74406329553489,34.46606612057304
46.49394119971296,41.70847480158112,34.50059177130443
46.81654552356587,41.67263937218301,34.53535698280271
47.14138827993456,41.636555293946536,34.57036341729177
47.46848500047733,41.60022084158902,34.60561274852903
47.79785132462101,41.56363427785671,34.64110666188554
48.12950300030849,41.52679385344169,34.67684685442646
48.463455884752,41.48969780689824,34.7128350349923
48.79972594519101,41.45234436455859,34.74907292428059
49.13832925965581,41.4147317404482,34.78556225492811
49.47928201773629,41.37685813620025,34.82230477159381
49.822600521355774,41.33872174096977,34.85930223104214
50.1683011855508,41.30032073134694,34.89627252191048
50.5164005392557,41.26165327127005,34.932956874469724
50.866915226093,41.22271751193756,34.96989576623231
51.2198620051692,41.18351159171983,35.00709096335197
51.57525775187602,41.14403363607003,35.04454424423712
51.93311945869743,41.10428175743454,35.08225739963591
52.29346423602185,41.06425405516273,35.1202322327218
52.65630931296043,41.02394861541602,35.15847055917983
53.021672038170784,40.98336351107642,35.19697420729343
53.38956988068642,40.9424968016544,35.23574501803176
53.76002043075213,40.90134653319606,35.27478484513783
54.13304140066484,40.85991073818975,35.31409555521709
54.50865062562059,40.81818743547198,35.35367902782664
54.88686606456732,40.77617463013268,35.39353715556517
55.26770580106341,40.73387031341986,35.4336718441634
55.65118804414249,40.691272462643525,35.474085012575216
56.03733112918391,40.65435496544043,35.51477859306943
56.42615351878945,40.62564722857016,35.55575453132213
56.81767380366609,40.59674029929323,35.597014786509746
57.211910703514846,40.56763279548695,35.63856133140272
57.60888306792594,40.53832332543857,35.68039615245981
58.00860987727984,40.50881048777877,35.72252124992307
58.41111024365494,40.47909287141463,35.76493863791353
58.81640341174128,40.44916905546219,35.80765034452743
59.224508759760695,40.41903760917851,35.85065841193323
59.63544580039345,40.38869709189322,35.893964896469264
60.04923418171099,40.358146052939695,35.933720273435306
60.46589368811557,40.32738303158567,35.972980021659964
60.88544424128607,40.29640655696337,36.012512178809395
61.30790590113055,40.26521514799925,36.05231863502873
61.73329886674546,40.2338073133431,36.09240129357814
62.16164347738128,40.20218155129682,36.13276207092381
62.59296021341505,40.17033634974254,36.173402896829565
63.0272696973296,40.13827018607041,36.21432571444916
63.46459269469953,40.1059815271057,36.25553248041918
63.90495011518425,40.073468829035576,36.29702516495258
64.34836301352743,40.04073053733526,36.33880575193292
64.79485259056395,40.00776508669368,36.380876239009154
65.2444401942334,39.97457090093865,36.423238637691234
65.69714732060088,39.94114639296153,36.46589497344621
66.15299561488483,39.90748996464128,36.50884728579511
66.61200687249178,39.87360000676812,36.55209762841043
67.07420304005862,39.839474898966536,36.595648069214384
67.53960621650184,39.80511300961784,36.63950069047769
68.00823865407413,39.77051269578213,36.6836575889192
68.48012275942848,39.73567230311976,36.72812087580611
68.9552810946893,39.70059016581223,36.77289267705496
69.43373637853124,39.66526460648253,36.81797513333318
69.91551148726552,39.62969393611496,36.86206359363885
70.40062945593358,39.59387645397435,36.90435466108076
70.88911347940872,39.557810447524766,36.94693917065439
71.3809869135046,39.52149419234762,36.98981915844653
71.87627327609256,39.48492595205921,37.03299667467166
72.37499624822561,39.44810397822771,37.07647378376993
72.8771796752709,39.41102651028957,37.12025256450586
73.38284756804988,39.37369177546535,37.1643351100678
73.89202410398606,39.33609798867492,37.20872352816792
74.40473362826137,39.298243352452175,37.25341994114304
74.92100065497986,39.260126056859015,37.298426486056094
75.44084986833995,39.22174427939888,37.34374531479831
75.96430612381474,39.18309618492953,37.389378594192095
76.49139444933999,39.14417992557543,37.43532850609463
77.02214004651142,39.10499364063924,37.481597247502215
77.55656829178916,39.06553545651296,37.52818703065529
78.09470473771121,39.02580348658832,37.5751000831442
78.63657511411542,38.98579583116655,37.62233864801576
79.18220532936918,38.94551057736759,37.669904983880414
79.73162147160883,38.9049457990386,37.7178013650203
80.28484980998645,38.86409955666189,37.76134336588494
80.84191679592612,38.82296989726213,37.80516797160464
81.40284906438879,38.781554854313065,37.84929666011302
81.96767343514524,38.73985244764342,37.89373154132847
82.53641691405909,38.69786068334223,37.938474739809365
83.10910669437752,38.65557755366352,37.983528394855576
83.68577015803162,38.61300103693032,38.02889466061079
84.2664348769458,38.57012909743797,38.07457570616554
84.85112861435556,38.52695968535683,38.12057371566082
85.43987932613558,38.48349073663422,38.16689088839262
86.03271516213591,38.43972017289577,38.21352943891703
86.62966446752799,38.39564590134604,38.26049159715609
87.23075578416012,38.35126581466845,38.3077796085045
87.83601785192172,38.306577790924536,38.35539573393688
88.445479610118,38.26157969345247,38.40334225011596
89.05917019885312,38.21626937076492,38.45162144950137
89.67711896042374,38.17064465644618,38.50023564045927
90.29935544072204,38.12470336904858,38.5437339375238
90.925909390648,38.07844331198821,38.58456900843176
91.55681076753238,38.03186227343982,38.62568741884807
92.19208973656868,37.98495802623118,38.66709113476112
92.83177667225556,37.9377283277365,38.70878213580064
93.47590215984928,37.89017091976924,38.75076241533224
94.12449699682564,37.84228352847414,38.79303398055277
94.77759219435308,37.80299122497076,38.83559885258627
95.43521897877493,37.77102173082132,38.878459066580646
96.0974087931026,37.738830412133495,38.921616671804905
96.76419329851916,37.70641572974857,38.96507373174722
97.43560437589264,37.67377613382817,39.008832324213486
98.11167412730096,37.64091006378015,39.0528945414268
98.79243487756642,37.607815948184,39.09726249012736
99.47791917580126,37.5744922047157,39.141938291673306
100.16815979696426,37.54093724007208,39.1844091581528
100.86318974342718,37.5071494498946,39.22232118045194
101.56304224655342,37.47312721869269,39.260496260302325
102.26775076828652,37.43886891976648,39.29893622296337
102.97734900274986,37.40437291512902,39.337642906359264
103.69187087785828,37.36963755542799,39.3766181611669
104.41135055693952,37.334661179866806,39.41586385090434
105.1358224403684,37.29944211612524,39.45538185201988
105.86532116721123,37.26397868027943,39.49517405398184
106.59988161688176,37.22826917672142,39.535242359368816
107.33953891080954,37.192311898078025,39.57558868396076
108.08432841411832,37.15610512512925,39.61621495683045
108.83428573731776,37.11964712672604,39.65712312043583
109.58944673800576,37.08293615970756,39.69831513071283
110.3498475225826,37.045970468817806,39.7397929571689
111.11552444797758,37.00874828662172,39.78155858297717
111.88651412338756,36.97126783342063,39.82361400507129
112.66285341202703,36.93352731716724,39.865961234240885
113.44457943289088,36.89552493337984,39.90860229522773
114.23172956252871,36.85725886505613,39.95153922682251
115.02434143683227,36.81872728258628,39.99477408196233
115.82245295283518,36.779928343665496,40.038308927828886
116.62610227052438,36.74086019320588,40.08214584594728
117.43532781466511,36.70152096324776,40.12628693228554
118.25016827663764,36.66190877287041,40.170734297354855
119.07066261628742,36.62202172810209,40.21549006631046
119.8968500637882,36.581857921829446,40.26055637905328
120.7287701215173,36.541415433706405,40.3059353903322
121.56646256594462,36.5006923300623,40.35162926984714
122.40996744953408,36.45968666380944,40.39764020235274
123.25932510265886,36.41839647435004,40.44397038776286
124.11457613553004,36.3768197874824,40.49062204125576
124.97576144013776,36.33495461530659,40.53759739337999
125.8429221922069,36.292798956129374,40.56735823849922
126.7160998531651,36.25035079436849,40.58935962606876
127.59533617212568,36.20760810045632,40.61151367315861
128.48067318788384,36.1645688307428,40.63382143901691
129.37215323092656,36.12123092739774,40.65628399024156
130.26981892545606,36.077592318312426,40.67890240083116
131.17371319142873,36.033650917000536,40.70167775223643
132.08387924660613,35.989404622498405,40.72461113341183
133.00036060862237,35.94485131926455,40.747703640867705
133.92320109706446,35.89998887707851,40.77095637872267
134.85244483556687,35.85481515093903,40.794370458756426
135.78813625392226,35.80932798096146,40.81794700046289
136.7303200902048,35.76352519227454,40.84168713110372
137.67904139290994,35.71740459491635,40.865591985762265
138.63434552310815,35.67096398372963,40.88966270739778
139.5962781566132,35.62420113825636,40.91390044690008
140.56488528616708,35.57711382263158,40.938306363144605
141.5402132236378,35.529699785476495,40.96288162304778
142.52230860223492,35.4819567597908,40.987627401622845
143.5112183787386,35.43388246284431,41.01254488203604
144.5069898357443,35.385474596067844,41.03763525566313
145.50967058392467,35.33673084494328,41.06289972214642
146.51930856430462,35.287648878892895,41.08833948945207
147.53595205055464,35.238226351167974,41.11395577392789
148.5596496512984,35.18846089873655,41.13974980036147
149.59045031243645,35.138350142170474,41.16572280203876
150.62840331948755,35.087891685531595,41.19187602080301
151.67355829994383,35.03708311625726,41.21821070711418
152.72596522564484,34.99920865429955,41.2447281201087
153.78567441516628,34.96481388244222,41.27142952765968
154.85273653622542,34.93018045793827,41.29831620643756
155.92720260810475,34.89530672486493,41.32538944197109
157.0091240040902,34.86019101580961,41.3517
158.09855245392842,34.824831651790134,41.3517
159.19554004629973,34.789226942174494,41.3517
160.30013923130812,34.753375184600024,41.3517
161.41240282299017,34.717274664891974,41.3517
162.53238400183892,34.68092365698158,41.3517
163.66013631734782,34.64432042282351,41.3517
164.7957136905704,34.60746321231279,41.3517
165.93917041669815,34.5703502632011,41.3517
167.09056116765746,34.53297980101254,41.3517
168.24994099472238,34.49535003895876,41.3517
169.41736533114806,34.45745917785356,41.3517
170.59288999482052,34.41930540602684,41.3517
171.776571190925,34.38088689923799,41.3517
172.96846551463454,34.34220182058868,41.3517
174.1686299538145,34.303248320435,41.3517
175.37712189174854,34.264024536299054,41.3517
176.59399910988185,34.22452859277988,41.3517
177.8193197905832,34.18475860146385,41.3517
179.05314251992803,34.14471266083425,41.3517
180.2955262904984,34.10438885618053,41.3517
181.5465305042045,34.0637852595066,41.3517
182.80621497512467,34.02289992943874,41.3517
184.07463993236445,33.98173091113278,41.3517
185.35186602293768,33.94027623618055,41.3517
186.6379543146648,33.898533922515874,41.3517
187.93296629909383,33.85650197431973,41.3517
189.23696389444007,33.81417838192482,41.3517
190.55000944854584,33.77156112171954,41.3517
191.87216574186297,33.728648156051186,41.3517
193.20349599045292,33.68543743312851,41.3517
194.5440638490108,33.64192688692367,41.3517
195.89393341390797,33.598114437073384,41.3517
197.25316922625643,33.55399798877953,41.3517
198.62183627499604,33.50957543270893,41.3517
200.00000000000003,33.46484464489254,41.3437595123208
201.38772629520545,33.419803486623856,41.32030437492364
202.78508151176308,33.374449804356686,41.29668649097186
204.19213246120933,33.328781429602195,41.2729047312271
205.608946418662,33.28279617882516,41.24895795861561
207.03559112603529,33.23649185333966,41.22484502817394
208.47213479528023,33.18986623920387,41.20056478699413
209.9186461116456,33.14291710711424,41.17611607416861
211.3751942369608,33.095642212298934,41.15149772073474
212.84184881294496,33.04803929441042,41.12670854961884
214.31867996453423,33.000106077417506,41.10174737557998
215.8057583032368,32.951840269496415,41.07661300515325
217.3031549305077,32.903239562921264,41.05130423659275
218.8109414411485,32.854301633953725,41.02581985981409
220.3291899267314,32.80502414273187,41.00015865633657
221.85797297904455,32.75540473315836,40.97431939922489
223.39736369356456,32.70544103278777,40.948300853030496
224.9474356729504,32.65513065271312,40.922101773732514
226.50826303056232,32.60447118745172,40.89572090867828
228.07992039400665,32.553460214830096,40.86915699652341
229.66248290870223,32.50209529586822,40.842408767171534
231.2560262414751,32.450373974662874,40.81547494171356
232.86062658417535,32.39829377827022,40.78835423236648
234.47636065731973,32.34585221658761,40.76104534241188
236.10330571376116,32.29304678223445,40.73354696613386
237.74153954238068,32.23987495043239,40.70585778875667
239.3911404718086,32.18633417888454,40.67797648638177
241.0521873741685,32.13242190765398,40.64990172592462
242.72475966884812,32.078135559041314,40.62163216505089
244.40893732629775,32.02378989594254,40.59316645211226
246.10480087185235,31.9842409125992,40.564503226081854
247.8124313895832,31.94441751343518,40.53564111648911
249.531910526174,31.904317794380237,40.50657874335427
251.2633204948243,31.863939838152472,40.47731471712243
253.0067440791808,31.823281714166697,40.44784763859707
254.76226463729571,31.78234147844208,40.41817609887315
256.529966105612,31.741117173509227,40.38075236608505
258.30993300297683,31.699606828316583,40.33852791902265
260.102250434682,31.65780845813621,40.29601049208281
261.9070040965336,31.615720064468853,40.25319805238612
263.7242802789497,31.573339634948425,40.2100885529478
265.55416587108584,31.53066514324576,40.16667993257975
267.3967483649894,31.48769454897173,40.12297011579208
269.25211585978224,31.44442579757974,40.07895701269384
271.1203570658738,31.40085682026741,40.03463851889308
273.0015613092028,31.35698553387773,39.99001251539627
274.8958185355074,31.312809840799403,39.94507686850695
276.80321931462635,31.268327628866604,39.89982942972372
278.72385484482874,31.22353677125797,39.85426803563754
280.65781695717465,31.17843512639489,39.80839050782826
282.6051981199068,31.133020537839155,39.76219465276049
284.5660914428704,31.08729083418979,39.71567826167869
286.54059068196625,31.041243828979287,39.66883911050156
288.5287902436318,30.994877320569056,39.62167495971577
290.53078518935627,30.948189092044142,39.5741835542688
292.54667124022603,30.901176911107225,39.526362623461154
294.5765447815004,30.853838529971902,39.4782098808378
296.6205028672209,30.806171685255205,39.4297230240788
298.6786432248507,30.75817409786939,39.382391863351295
300.7510642599477,30.709843472912976,39.34175932383224
302.83786506087046,30.66117749956098,39.30084485009552
304.93914540351466,30.61217385095448,39.25964648590351
307.0550057560846,30.562830184089304,39.21816226144495
309.18554728389574,30.513144139704075,39.176390193240806
311.33087185421243,30.463113342167365,39.1343282840494
313.49108204111906,30.41273539936409,39.09197452277095
315.66628113042333,30.362007902581198,39.04932688435135
317.8565731245956,30.310928426392408,39.00638332968544
320.0620627477404,30.25949452854236,38.96314180551942
322.282855450604,30.20770374982976,38.919600244352765
324.51905741561745,30.155553613989817,38.87575656433928
326.77077556197213,30.104675792704278,38.83160866918763
329.0381175507325,30.06421738961432,38.787154448061074
331.32119178998306,30.02347826057521,38.74239177547657
333.62010744001185,29.98245645773305,38.69731851120312
335.93497441853066,29.94115001971849,38.65193250015946
338.26590340592946,29.89955697155296,38.606231572311
340.6130058505689,29.857675324554236,38.56021354256608
342.97639397410825,29.815503076241374,38.51387621067151
345.3561807768712,29.773038210238965,38.46721736110735
347.75248004325016,29.730278696180687,38.42023476298096
350.1654063471447,29.687222489612264,38.37292616992039
352.5950750574412,29.6438675318937,38.32528931996691
355.04160234352725,29.60021175010087,38.27732193546694
357.5051051808471,29.556253056926383,38.22902172296305
359.9857013564953,29.5119893505798,38.18038637308438
362.4835094748472,29.467418514687104,38.1314135604362
364.9986489632305,29.422538418189568,38.08210094348871
367.53124007763455,29.377346915241827,38.032446164465085
370.08140390846046,29.33184184510929,37.98244684922881
372.649262386312,29.286021032064816,37.93210060717005
375.234938287824,29.23988228528469,37.88140503109145
377.8385552415333,29.193423398743885,37.83035769709296
380.4602377337892,29.14664215111059,37.77895616445603
383.1001111147056,29.099536305639983,37.72719797552683
385.7583016041556,29.052103610067288,37.675080655598784
388.43493629780494,29.0043417965001,37.62260171279424
391.1301431731899,28.956248581309936,37.56975863794531
393.84405109583474,28.90782166502307,37.51654890447395
396.5767898254143,28.859058732210578,37.4629699682711
399.3284900219587,28.80995745137761,37.413200301604654
402.0992832520994,28.76051547485194,37.371300079658056
404.8893019953608,28.710730438671703,37.3291091275126
407.69867965049286,28.66059996247239,37.286625427898585
410.5275505418505,28.61012164937302,37.243846949549216
413.37604992581646,28.55929308586153,37.20077164710347
416.2443139972675,28.50811184167937,37.15739746100834
419.1324798960866,28.45657546970533,37.11372231742032
422.04068571371937,28.404681505838564,37.06974412810627
424.9690704997767,28.352427468880705,37.02546079034361
427.9177742686844,28.299810860417253,36.98087018681967
430.8869380063765,28.24682916469816,36.93597018553059
433.8767036770369,28.19397753772296,36.89075863967929
436.8872142298857,28.154946722791244,36.84523338757286
439.918613606015,28.11564508741852,36.79939225251922
442.9710467452719,28.076070752481534,36.753233042723
446.0446595931873,28.03622182581852,36.706753551180775
449.1395991079549,27.996096402138665,36.659951555575546
452.256013267456,27.95569256293108,36.61282481817046
455.394051076336,27.915008376373017,36.56537108570187
458.5538625731298,27.874041897237525,36.51758808927151
461.7355988374336,27.832791166800444,36.4694735442381
464.9394119971296,27.79125421274674,36.42102515010807
468.16545523565895,27.749429049076216,36.37224059042556
471.4138827993456,27.707313676008567,36.32311753266169
474.6848500047733,27.664906079887725,36.27365362810304
477.9785132462096,27.62220423308562,36.22384651173928
481.2950300030849,27.5792060939052,36.173693802150176
484.6345588475202,27.535909606482846,36.12319310139171
487.9972594519101,27.492312700690075,36.07234199488142
491.3832925965581,27.448413292034516,36.0211380512829
494.7928201773624,27.404209281560277,35.96957882238963
498.22600521355776,27.359698555747585,35.91766184300787
501.6830118555083,27.31487898641175,35.873808541259066
505.164005392557,27.269748430601386,35.83354971101138
508.6691522609297,27.22430473049595,35.793011539576945
512.1986200516914,27.17854571330257,35.75219208871022
515.7525775187603,27.13246919115217,35.71108940671686
519.3311945869746,27.08607296099488,35.66970152836048
522.9346423602185,27.039354804494653,35.62802647476861
526.5630931296041,26.992312487923236,35.58606225333813
530.2167203817073,26.944943762053345,35.54380685763996
533.8956988068643,26.897246362051156,35.50125826732316
537.6002043075216,26.849218007367977,35.45841444801833
541.3304140066483,26.800856401631265,35.41527335124032
545.0865062562057,26.752159232534755,35.3718329142903
548.8686606456725,26.70312417172796,35.32809106015713
552.677058010634,26.65374887470481,35.28404569741804
556.5118804414252,26.6040309806916,35.23969472013868
560.3733112918392,26.55396811253408,35.19503600777237
564.2615351878942,26.503557876583777,35.15006742505877
568.1767380366604,26.452797862583594,35.10478682192172
572.1191070351484,26.40168564355254,35.05919203336648
576.0888306792597,26.35021877566971,35.013280879376225
580.0860987727984,26.298394798157418,34.967051164807806
584.1111024365491,26.24621123316355,34.920500679286754
588.1640341174123,26.193665585643085,34.873627197101634
592.2450875976069,26.1407553432388,34.82642847709764
596.3544580039347,26.08747797616116,34.77890226256938
600.49234181711,26.033830937067364,34.733354037145965
604.6589368811553,25.97981166093952,34.70028844857468
608.8544424128606,25.935435966947743,34.66699343006976
613.0790590113054,25.89291753733273,34.63346738970145
617.332988667455,25.850104088003672,34.59970872449417
621.6164347738129,25.806993571927507,34.565715820349894
625.9296021341502,25.76358392786755,34.53148705197097
630.272696973296,25.719873080284952,34.49702078278237
634.6459269469954,25.675858939239475,34.46231536485353
639.0495011518428,25.631539400289547,34.42736913881945
643.4836301352744,25.58691234439166,34.39218043380146
647.9485259056391,25.54197563779904,34.35674756732722
652.444401942334,25.496727131959624,34.321068845250366
656.9714732060088,25.45116466341335,34.285142561669495
661.5299561488486,25.40528605368869,34.248966998846555
666.1200687249178,25.359089109198525,34.21254042712474
670.7420304005858,25.312571621135223,34.17586110484583
675.3960621650184,25.265731365365053,34.13892727826681
680.0823865407413,25.21856610232186,34.10173718147618
684.8012275942853,25.17107357689993,34.064289036309354
689.5528109468929,25.12325151834624,34.02658105226376
694.3373637853119,25.07509764015182,33.988611426413165
699.1551148726552,25.02660963994246,33.95037834332151
704.0062945593359,24.977785199368647,33.919232025398564
708.8911347940872,24.92862198399466,33.89097558733851
713.809869135046,24.879117643187023,33.86252308826794
718.7627327609252,24.829269810002064,33.833873167791744
723.7499624822561,24.779076101072743,33.80502445607554
728.771796752709,24.728534116494757,33.775975573780194
733.8284756804989,24.677641439711707,33.746725131995795
738.9202410398606,24.62639563739964,33.717271732175355
744.0473362826133,24.574794259350632,33.68761396606784
749.2100065497987,24.522834838355685,33.657750415650895
754.4084986833996,24.47051489008675,33.627679653063055
759.6430612381473,24.417831912977928,33.5974002405354
764.9139444934,24.36478338810589,33.56691073032292
770.2214004651139,24.311366779069424,33.53620966463518
775.5656829178915,24.257579531868146,33.50529557556671
780.9470473771121,24.203419074780435,33.474166985026784
786.3657511411542,24.14888281824041,33.44282240466873
791.8220532936919,24.09396815471418,33.4112603358188
797.3162147160879,24.04279923613648,33.379479269404506
802.8484980998645,24.00069397803724,33.350125135818935
808.4191679592622,23.95829656706884,33.32632946417396
814.0284906438878,23.9156049760902,33.30236868313272
819.6767343514524,23.872617163894635,33.278241647061954
825.3641691405904,23.82933107511229,33.25394720237929
831.0910669437752,23.78574464011183,33.22948418749805
836.857701580317,23.741855774901552,33.204851432771754
842.6643487694579,23.697662381029687,33.180047760438185
848.5112861435555,23.65316234548407,33.15507198456304
854.3987932613554,23.60835354059113,33.12992291098326
860.3271516213591,23.56323382391415,33.10459933724995
866.2966446752807,23.517801038150846,33.079100052570844
872.3075578416012,23.47205301103021,33.053423837752455
878.3601785192174,23.425987555208625,33.027569465141745
884.4547961011796,23.37960246816532,33.00153569856744
890.5917019885312,23.33289553209703,32.97532129328094
896.7711896042383,23.28586451381199,32.9489249958968
902.9935544072204,23.238507164623137,32.92234554433277
909.25909390648,23.190821220240576,32.895264332158554
915.5681076753234,23.14280440066336,32.867984789031965
921.9208973656868,23.09445441007044,32.84051596320878
928.3177667225564,23.045768936710928,32.81285654132613
934.7590215984928,22.996745652793543,32.78500520090819
941.2449699682564,22.94738221437531,32.75696061030298
947.7759219435304,22.897676261249508,32.72872142861867
954.3521897877492,22.84762541683279,32.70028630565947
960.9740879310268,22.7972272880516,32.67165388186107
967.6419329851916,22.74647946522773,32.64282278822567
974.3560437589264,22.695379521963066,32.61379164625649
981.1167412730092,22.643925015023644,32.58455906789185
987.9243487756644,22.592113484222786,32.55512365543885
994.7791917580136,22.539942452303485,32.525484001506484
1001.6815979696428,22.487409424819983,32.49563868893841
1008.631897434272,22.438126316488017,32.46897047941367
1015.6304224655344,22.396194428846517,32.44385217998365
1022.6775076828652,22.35397159128956,32.418559593930574
1029.7734900274995,22.31145578502293,32.39309151194381
1036.9187087785826,22.268644977244715,32.36744671632173
1044.113505569395,22.225537121048134,32.34162398091356
1051.358224403684,22.182130155323687,32.31562207106069
1058.6532116721123,22.13842200466058,32.28943974353767
1065.9988161688188,22.09441057924752,32.26307574649278
1073.3953891080953,22.05009377477279,32.23652881938817
1080.8432841411832,22.00546947232361,32.20979769293956
1088.3428573731776,21.960535538284876,32.18288108905558
1095.8944673800574,21.91528982423706,32.15577772077666
1103.4984752258258,21.8697301668536,32.128486292213495
1111.1552444797758,21.823854387797383,32.10100549848508
1118.8651412338756,21.777660293616627,32.073334025656315
1126.6285341202706,21.73114567563998,32.04547055067519
1134.4457943289087,21.684308309870936,32.017413741309525
1142.3172956252872,21.637145956881515,31.989162256083283
1150.2434143683229,21.589656361705163,31.960714744212407
1158.2245295283517,21.54183725372894,31.932069845540248
1166.261022705244,21.49368634658495,31.903226190472537
1174.3532781466513,21.44520133804105,31.874182399911884
1182.5016827663765,21.39637990989075,31.844937085191862
1190.7066261628745,21.347219727842397,31.81548884801061
1198.968500637882,21.297718441407504,31.785836280363927
1207.287701215173,21.247873683788452,31.75597796447803
1215.664625659446,21.19768307176527,31.725912472741705
1224.0996744953409,21.147144205581696,31.695638367638075
1232.5932510265886,21.09625466883047,31.665154201675865
1241.1457613553002,21.045012028337737,31.634458517320198
1249.757614401378,20.99341383404677,31.60354984692287
1258.429221922069,20.941457618900778,31.572426712652245
1267.160998531651,20.889140898725,31.54108762642253
1275.953361721257,20.8364611721079,31.51120965420437
1284.8067318788385,20.78341592028154,31.48114538975017
1293.7215323092644,20.730002607001207,31.450872520444328
1302.6981892545607,20.6762186784241,31.42038959885464
1311.7371319142871,20.622061562987263,31.38969516750573
1320.8387924660612,20.567528671284613,31.35878775880933
1330.003606086224,20.51261739594312,31.32766589499411
1339.2320109706432,20.457325111498147,31.296328088035025
1348.5244483556685,20.401649174267934,31.264772839582182
1357.881362539223,20.35609413425229,31.232998640889186
1367.3032009020478,20.316113159973565,31.20100397274102
1376.7904139290997,20.275854772448263,31.16878730538138
1386.3434552310805,20.235317046808103,31.13634709843954
1395.9627815661322,20.194498044828844,31.10368180085672
1405.6488528616708,20.15339581483763,31.07078985081192
1415.402132236378,20.11200839161967,31.03766967564724
1425.2230860223492,20.070333796324263,31.004319691792663
1435.1121837873843,20.028370036370184,30.970738304690396
1445.069898357443,19.986115105350432,30.93692390871856
1455.0967058392466,19.94356698293629,30.902874887114493
1465.1930856430463,19.90072363478072,30.8685896118974
1475.3595205055462,19.857583012421102,30.83406644379053
1485.5964965129824,19.814143053181283,30.799303732142768
1495.9045031243645,19.77040168007296,30.764299814849775
1506.2840331948753,19.726356801696383,30.729053018274477
1516.7355829994383,19.682006312140352,30.693561657167027
1527.2596522564486,19.63734809088151,30.657824034584277
1537.8567441516614,19.592380002682976,30.62183844180859
1548.5273653622542,19.54709989749225,30.58560315826618
1559.2720260810477,19.5015056103384,30.54911645144484
1570.091240040902,19.45559496122859,30.512376576811107
1580.9855245392844,19.409365755043783,30.47538177772681
1591.9554004629958,19.362815781433827,30.4382053783051
1603.0013923130812,19.31594281471177,30.40092129754357
1614.1240282299018,19.26874461374744,30.363378516285717
1625.323840018389,19.22121892186029,30.32557523950413
1636.601363173478,19.173363466711493,30.28750965971637
1647.9571369057026,19.125175960195303,30.249179956898548
1659.3917041669815,19.07665409832964,30.21058429839828
1670.9056116765746,19.02779556114596,30.1717208388471
1682.499409947224,18.978598012578317,30.132587720072216
1694.1736533114806,18.92905910035163,30.09318307100765
1705.9288999482037,18.879176455869285,30.05350500760478
1717.76571190925,18.828947694099817,30.01355163274227
1729.6846551463454,18.778370413462937,29.973321036135367
1741.686299538145,18.727442195714666,29.93281129424455
1753.7712189174856,18.6761606058317,29.892020470183567
1765.9399910988168,18.62452319189504,29.85094661362682
1778.1931979058318,18.57252748497269,29.809587760716123
1790.5314251992804,18.520170999001667,29.767941933966803
1802.955262904984,18.46745123066912,29.726007142173163
1815.465305042045,18.414365659292613,29.68378138031325
1828.0621497512448,18.360911746699628,29.641262629452985
1840.7463993236445,18.3070869371062,29.59844885664968
1853.5186602293768,18.25288865699474,29.55533801485479
1866.379543146648,18.19831431499096,29.511928042816077
1879.3296629909385,18.143361301739965,29.468216864978995
1892.3696389443987,18.08802698978153,29.42420239138752
1905.5000944854585,18.032308733424426,29.37988251758418
1918.721657418629,17.97620386861997,29.33525512450945
1932.0349599045292,17.91970971283463,29.29031807840045
1945.440638490108,17.86282356492175,29.24506923068888
1958.9393341390796,17.8055427049924,29.19950641789831
1972.5316922625643,17.747864394285383,29.153627461540783
1986.2183627499603,17.6897858750362,29.107430168012588
2000.0,17.631304370345283,29.06091232848941
2013.8772629520545,17.572417084045153,29.014071718820723
2027.8508151176309,17.51312120056675,28.9704043537
2041.9213246120933,17.45341388480486,28.928413977648624
2056.08946418662,17.39329228198246,28.886132245852284
2070.355911260353,17.34764725033288,28.84355713670085
2084.7213479528027,17.30578352022168,28.800686614556955
2099.186461116456,17.26362931311502,28.75751862965872
2113.751942369608,17.221182613500087,28.714051118021715
2128.418488129449,17.178441391879144,28.67028200134028
2143.1867996453425,17.135403604672547,28.62620918688816
2158.057583032368,17.09206719412098,28.58183056741845
2173.031549305077,17.048430088187093,28.53714402106281
2188.109414411485,17.00449020045646,28.492147411230093
2203.291899267314,16.960245430037755,28.44683858650406
2218.579729790446,16.915693661462385,28.40121538054065
2233.9736369356456,16.870832764583263,28.355275611964306
2249.474356729504,16.825660594473003,28.309017084263708
2265.0826303056238,16.78017499132139,28.26243758568678
2280.7992039400665,16.734373780332028,28.215534889134883
2296.6248290870226,16.688254771618464,28.168306752056385
2312.560262414751,16.6418157600994,28.1207509163394
2328.606265841754,16.595054525393284,28.072865108203835
2344.763606573197,16.54796883171219,28.02464703809269
2361.033057137611,16.500556427754837,27.976094400562555
2377.415395423807,16.452815046599042,27.927204874173416
2393.911404718086,16.404742405593247,27.87797612137762
2410.5218737416853,16.35633620624743,27.828405788408148
2427.2475966884813,16.307594134123203,27.778491505166063
2444.089373262977,16.25851385872312,27.728230885107163
2461.0480087185238,16.209093033379304,27.677621525127925
2478.124313895832,16.159329295141184,27.626661005450558
2495.31910526174,16.10922026466255,27.575346889507305
2512.6332049482407,16.058763546087818,27.523676723824018
2530.067440791808,16.007956726937394,27.47164803790274
2547.622646372957,15.956797377992425,27.42511366834854
2565.29966105612,15.905283053178572,27.37834181779279
2583.099330029768,15.853411289449092,27.33124543460258
2601.0225043468176,15.80117960666709,27.28382226696556
2619.070040965336,15.74858550748688,27.236070047444876
2637.242802789497,15.695626477234658,27.187986492870778
2655.5416587108584,15.642299983788186,27.13956930423144
2673.967483649893,15.588603477455772,27.090816166563016
2692.5211585978195,15.534534390854375,27.04172474883902
2711.203570658738,15.480090138786798,26.992292703858794
2730.015613092028,15.425268118118142,26.942517668135352
2748.958185355073,15.370065707651298,26.89239726178232
2768.032193146264,15.314480268001626,26.841929088400164
2787.2385484482843,15.2585091414708,26.79111073496165
2806.5781695717465,15.202149651919672,26.7399397716964
2826.0519811990675,15.14539910464038,26.68841375197479
2845.6609144287045,15.088254786227452,26.636530212190905
2865.405906819662,,26.584286671644776
2885.287902436315,,26.531680632423804
2905.3078518935627,,26.47870957928325
2925.4667124022603,,26.425370979526075
2945.765447815004,,26.371662282881736
2966.205028672209,,26.317580921384312
2986.786432248504,,26.263124309249747
3007.5106425994773,,26.21171520910272
3028.3786506087044,,26.163451031375278
3049.3914540351498,,26.11485196630508
3070.5500575608457,,26.06591569023229
3091.8554728389545,,26.016639863374024
3113.308718542125,,25.967022129712504
3134.9108204111903,,25.91706011688244
3156.6628113042366,,25.866751436057537
3178.5657312459566,,25.816093681836357
3200.620627477401,,25.765084432127225
3222.8285545060403,,25.71372124803249
3245.1905741561745,,25.662001673731893
3267.7077556197246,,25.60992323636512
3290.381175507325,,25.55748344591362
3313.2119178998278,,25.504679795081493
3336.2010744001186,,25.45150975917565
3359.349744185307,,25.397970795985096
3382.659034059298,,25.344060345659344
3406.130058505689,,25.289775830586084
3429.763939741079,,25.23511465526788
3453.561807768712,,25.18007420619808
3477.5248004325013,,25.124651851735926
3501.6540634714506,,25.06884494198061
3525.950750574412,,25.0126508086447
3550.416023435269,,24.95606676492645
3575.051051808472,,24.89909010538142
3599.8570135649534,,24.84171810579307
3624.835094748476,,24.783948023042527
3649.986489632305,,24.72577709497745
3675.3124007763417,,24.66720254027991
3700.8140390846047,,24.60822155833344
3726.49262386312,,24.54883132908916
3752.349382878243,,24.489029012930867
3778.385552415333,,24.42881175053935
3804.602377337888,,24.3681766627556
3831.001111147056,,24.307120850443194
3857.583016041556,,24.245641394349693
3884.349362978053,,24.183735354967
3911.301431731899,,24.1213997723909
3938.440510958344,,24.058631666179465
3965.7678982541433,,23.99542803521057
3993.284900219587,,23.931785857538443
4020.992832520999,,23.874672543091272
4048.893019953609,,23.820803235789917
4076.9867965049248,,23.766560149217323
4105.2755054185045,,23.711940689856878
4133.760499258165,,23.656942246196515
4162.443139972679,,23.60156218860383
4191.324798960866,,23.5457978692004
4220.406857137189,,23.48964662173511
4249.690704997766,,23.433105761456734
4279.177742686844,,23.37617258498556
4308.869380063769,,23.31884437018408
4338.7670367703695,,23.26111837602693
4368.872142298853,,23.20299184246973
4399.186136060151,,23.14446199031719
4429.710467452719,,23.085526021090228
4460.446595931878,,23.026181116892108
4491.395991079548,,22.966424440273784
4522.560132674556,,22.906253134098176
4553.94051076336,,22.84566432140357
4585.538625731298,,22.78465510526612
4617.35598837434,,22.72322256866124
4649.394119971296,,22.66136377432424
4681.654552356585,,22.59907576460977
4714.138827993456,,22.53635556135051
4746.848500047733,,22.473200165714747
4779.7851324621015,,22.409606558062933
4812.950300030849,,22.3455716978034
4846.3455884751975,,22.281092523246908
4879.972594519101,,22.21616595146028
4913.832925965581,,22.150788878119037
4947.928201773629,,22.08495817735888
4982.260052135578,,22.0189507977091
5016.830118555078,,21.963678065860435
5051.64005392557,,21.908021816894788
5086.691522609297,,21.851979389728243
5121.98620051692,,21.795548104812557
5157.525775187602,,21.73872526400713
5193.31194586974,,21.681508150449933
5229.346423602185,,21.62389402842763
5265.63093129604,,21.56588014324481
5302.167203817078,,21.507463721092208
5338.956988068642,,21.448641968914146
5376.00204307521,,21.389412074274947
5413.304140066483,,21.329771205224475
5450.865062562057,,21.26971651016276
5488.686606456731,,21.2092451177036
5526.77058010634,,21.14835413653733
5565.118804414253,,21.08704065529252
5603.733112918391,,21.025301742396856
5642.615351878942,,20.96313444593688
5681.767380366609,,20.90053579351689
5721.191070351485,,20.83750279211688
5760.888306792596,,20.77403242794931
5800.860987727984,,20.710121666315143
5841.111024365491,,20.64576745145865
5881.6403411741285,,20.58096670642132
5922.45087597607,,20.515716332894826
5963.544580039347,,20.450013211072736
6004.923418171099,,20.383854199501517
6046.589368811554,,20.320448182813745
6088.544424128607,,20.260194203247035
6130.790590113054,,20.19952214352116
6173.32988667455,,20.138429102731937
6216.1643477381285,,20.07691215984694
6259.296021341502,,20.014968373565736
6302.726969732959,,19.95259478217929
6346.459269469953,,19.88978840342838
6390.495011518428,,19.826546234360965
6434.836301352744,,19.762865251188657
6479.485259056391,,19.698742409142085
6524.44401942334,,19.63417464232535
6569.714732060088,,19.56915886356945
6615.299561488486,,19.503691964284624
6661.200687249178,,19.437770814311797
6707.420304005858,,19.37139226177283
6753.960621650183,,19.30455313291987
6800.823865407413,,19.237250231983637
6848.012275942852,,19.169480341020524
6895.528109468929,,19.10124021975886
6943.37363785312,,19.032526605443884
6991.551148726551,,18.963336212681774
7040.062945593359,,18.893825433156145
7088.9113479408725,,18.830526946042884
7138.09869135046,,18.76678925405456
7187.6273276092525,,18.7026093097104
7237.499624822562,,18.637984044384275
7287.71796752709,,18.57291036815802
7338.284756804989,,18.50738516967363
7389.202410398606,,18.44140531598457
7440.473362826133,,18.374967652405925
7492.100065497987,,18.308069002363567
7544.084986833996,,18.240706167242333
7596.430612381473,,18.172875926233
7649.139444934,,18.104575036178385
7702.214004651139,,18.0358002314182
7755.656829178915,,17.96654822363293
7809.470473771121,,17.896815701686677
7863.657511411541,,17.826599331468735
7918.220532936918,,17.761174939232266
7973.162147160879,,17.69760379346552
8028.484980998645,,17.633591550945788
8084.191679592613,,17.569135151065264
8140.284906438879,,17.504231511979686
8196.767343514524,,17.438877530461053
8253.641691405905,,17.37307008174917
8310.910669437751,,17.306806019402284
8368.577015803161,,17.240082175146682
8426.643487694579,,17.172895358725118
8485.112861435555,,17.105242357744363
8543.987932613554,,17.03711993752156
8603.271516213592,,16.96852484092956
8662.966446752798,,16.89945378824126
8723.075578416012,,16.829903476972685
8783.601785192173,,16.75987058172518
8844.547961011795,,16.689351754026358
8905.917019885312,,16.618343622170002
8967.711896042374,,16.5468427910549
9029.935544072205,,16.476258481255588
9092.5909390648,,16.408363872094785
9155.681076753232,,16.339998167261808
9219.208973656869,,16.271158097997382
9283.177667225556,,16.20184037286156
9347.590215984928,,16.132041677576254
9412.449699682564,,16.061758674866862
9477.759219435304,,15.990988004302643
9543.521897877494,,15.919726282136056
9609.74087931026,,15.847970101141025
9676.419329851917,,15.775716030449924
9743.560437589264,,15.702960615389667
9811.167412730092,,15.629700377316423
9879.243487756645,,15.55593181344933
9947.791917580127,,15.48165139670306
10016.815979696426,,15.406879622084876
10086.31897434272,,15.34410467725333
10156.304224655343,,15.280894160213672
10226.775076828664,,15.217245048690849
10297.734900274976,,15.153154299439423
10369.187087785827,,15.08861884809789
10441.135055693952,,15.023635609042373
10513.58224403684,,14.958201475238932
10586.532116721137,,14.892313318095056
10659.988161688168,,14.825967987310165
10733.953891080952,,14.75916231072476
10808.432841411832,,14.691893094169044
10883.428573731777,,14.624157121309969
10958.944673800586,,14.55595115349753
11034.984752258237,,14.487271929610015
11111.552444797757,,14.41811616589785
11188.651412338755,,14.34848055582686
11266.285341202703,,14.27836176991998
11344.4579432891,,14.207756455598124
11423.172956252847,,14.13666123701998
11502.43414368323,,14.065072714920374
11582.245295283516,,13.992987466448028
11662.61022705244,,13.920402045001673
11743.532781466523,,13.847312980065348
11825.01682766374,,13.773716777042544
11907.06626162874,,13.699609917088887
11989.68500637882,,13.624988856944192
12072.87701215173,,13.549850028762798
12156.646256594477,,13.474189839943092
12240.99674495338,,13.398004672955803
12325.932510265886,,13.321290885170807
12411.457613553002,,13.244044808683263
12497.576144013778,,13.166262750138005
12584.292219220702,,13.087940990553026
12671.609985316483,,13.009075785141782
12759.533617212566,,12.929663363133862
12848.067318788384,,12.849699927595031
12937.215323092643,,12.772511579554727
13026.98189254562,,12.70398113100192
13117.371319142843,,12.63497517492176
13208.387924660612,,12.565490411942664
13300.036060862238,,12.495523519800082
13392.320109706432,,12.425071153177395
13485.2444835567,,12.354129943546084
13578.813625392198,,12.282696499004716
13673.03200902048,,12.21076740411657
13767.904139290997,,12.138339219746614
13863.434552310802,,12.065408482896837
13959.627815661335,,11.99197170654076
14056.48852861668,,11.918025379456806
14154.02132236378,,11.843565966060169
14252.230860223492,,11.76858990623407
14351.121837873843,,11.693093615159311
14450.698983574444,,11.617073483142962
14550.967058392438,,11.540525875445834
14651.930856430465,,11.463447132108476
14753.595205055462,,11.385833567776494
14855.964965129824,,11.307681471524068
14959.04503124366,,11.228987106676644
15062.840331948722,,11.14974671063235
15167.355829994383,,11.069956494681843
15272.596522564483,,10.989612643827488
15378.567441516612,,10.908711316600687
15485.273653622557,,10.827248644878315
15592.720260810444,,10.74522073369786
15700.91240040902,,10.662623661070922
15809.855245392842,,10.579453477796056
15919.554004629956,,10.495706207269649
16030.01392313083,,10.411377845295911
16141.240282298984,,10.326464359895512
16253.238400183893,,10.240961691112524
16366.01363173478,,10.15486575082066
16479.571369057026,,10.068172422527526
16593.917041669833,,9.98841795150932
16709.05611676571,,9.914262117293475
16824.99409947224,,9.839591743072166
16941.736533114807,,9.76440325864198
17059.288999482036,,9.688693069027089
17177.65711909252,,9.612457554307458
17296.84655146342,,9.53569306944585
17416.86299538145,,9.458395944113294
17537.712189174854,,9.38056248251392
17659.39991098817,,9.302188963208003
17781.931979058336,,9.223271638934126
17905.314251992804,,9.143806736430056
18029.55262904984,,9.063790456252232
18154.65305042045,,8.983218972594177
18280.62149751245,,8.902088433103536
18407.463993236463,,8.820394958697898
18535.18660229377,,8.738134643379386
18663.79543146648,,8.655303554047777
18793.296629909382,,8.571897730312537
18923.696389443987,,8.487913184303444
19055.0009448546,,8.40334590047989
19187.216574186292,,8.318191835438977
19320.34959904529,,8.232446917722061
19454.40638490108,,8.146107047620164
19589.393341390773,,8.059168096977945
19725.316922625665,,7.971625908996278
19862.18362749961,,7.883476298033628
20000.0,,7.794715049405756
